{
 "train_auc": 0.5969738129009935,
 "train_losses": [
  0.4462458938443185,
  0.32643613416777967,
  0.26004146170381387,
  0.22180142408428422,
  0.1959784233192846,
  0.18023560093038976,
  0.16630212852602475,
  0.1574409071853519,
  0.1501508824312697,
  0.14748132610870437,
  0.14245722225595533,
  0.13984129600145498,
  0.13668578997281802,
  0.13634431426561264,
  0.13223282390647892,
  0.13043755813376084,
  0.13067517262743839,
  0.1274428567775092,
  0.12725128762422822,
  0.12874849735108315,
  0.12584503900453697,
  0.12653673546012814,
  0.1260716008451734,
  0.12480741516255264,
  0.12574308350986446,
  0.1253415216446851,
  0.12606265015592863,
  0.12560105888121006,
  0.12613268294202,
  0.12567767678701264,
  0.1263265808226913,
  0.12901170879194082,
  0.12434562789544994,
  0.12712375084763852,
  0.12951416811537558,
  0.12525790156787878,
  0.13072141409816823,
  0.12978060359132487,
  0.1271129619017443,
  0.12838696994241985,
  0.13085347308131764,
  0.1304780080716288,
  0.12824247069741282,
  0.12924522829364893,
  0.13162097555022328,
  0.12782817384604767,
  0.13371940262754956,
  0.12627847159931413,
  0.1278394177526389,
  0.1333997693474251,
  0.130961746832485,
  0.1295898444255376,
  0.1277336117594154,
  0.12772643043383866,
  0.12799173825661045,
  0.1331682228744504,
  0.13129637799352134,
  0.13035080916392705,
  0.12714019780820152,
  0.12664368644361262,
  0.13223005723309644,
  0.12849281718687888,
  0.13320165559919253,
  0.13083934104295047,
  0.12555317653658687,
  0.1283174776545008,
  0.12818642063192237,
  0.12744914074242047,
  0.13031685785570105,
  0.13009112498773057,
  0.12563212463184217,
  0.13093559740306215,
  0.1265164256583082,
  0.13497238212439147,
  0.13391856129410912,
  0.1360515928102298,
  0.13187132222719353,
  0.12979144045378013,
  0.13109244761537997,
  0.12837472745677925,
  0.13075077773503516,
  0.1318750192066632,
  0.13199963844047768,
  0.13395502099461054,
  0.13702219343306396,
  0.13388318982900438,
  0.1314048645872517,
  0.1310682905689482,
  0.13133142866578199,
  0.1324372341831123,
  0.13300221591818265,
  0.13136403077674202,
  0.12801466177024542,
  0.1291131367287183,
  0.13570657381335438,
  0.13092176240901104,
  0.13072472724047565,
  0.12639406871431025,
  0.12936851546064115,
  0.13082434043268643,
  0.13677996227771216,
  0.12907515189955235,
  0.13332967396171838,
  0.1299431613005782,
  0.13176505384591836,
  0.12894044419233067,
  0.12893706801368496,
  0.13023459659684203,
  0.12733216088047378,
  0.1329949950715232,
  0.13223414548378196,
  0.1333291303649084,
  0.13505371946088746,
  0.13505733263787284,
  0.13348753239919925,
  0.1355732329559188,
  0.12945768988967338,
  0.13487446514285914,
  0.13605760434559655,
  0.131816215796321,
  0.12867871135184042,
  0.1309728357444159,
  0.1311341865878355,
  0.13050033821525375,
  0.1312562665610315,
  0.13028724464929803,
  0.13145110020556822,
  0.12970253598884854,
  0.13292088184806145,
  0.13144075915116377,
  0.13165196021896164,
  0.1344215518752665,
  0.13072473118120834,
  0.13679771464249926,
  0.13163569394160332,
  0.13013285153644516,
  0.13223301706553467,
  0.12915014138765704,
  0.13048039377451462,
  0.12925605450346264,
  0.12924927576866965,
  0.13217689073442052,
  0.12995675201933762,
  0.13329118397515377,
  0.13551149328671971,
  0.12977319224307737,
  0.13557879993577646,
  0.13000503931008497,
  0.13627243424701782,
  0.1334664710218424,
  0.134693820911776,
  0.13798799305826456,
  0.1328720171366923,
  0.13245785278553987,
  0.1325929695489004,
  0.12857129272565582,
  0.13500886867670042,
  0.1320015537043486,
  0.12918026308416186,
  0.13403651085544663,
  0.13079498306780007,
  0.13091062629535266,
  0.1354676638035168,
  0.1328025128496025,
  0.13492793824996943,
  0.13534469442150257,
  0.1374034545598623,
  0.13028850619693028,
  0.13288905201124038,
  0.12968280956439124,
  0.13280520920470304,
  0.13207988797980116,
  0.12960068265649127,
  0.13103881769565698,
  0.13755921910915328,
  0.13543900101945372,
  0.13470753683847927,
  0.12960067758982677,
  0.13484987027017473,
  0.1362836599800167,
  0.13289097737018168,
  0.13015023141403118,
  0.12644596640344558,
  0.13318165352950118,
  0.13251417118830516,
  0.13115733832710014,
  0.13050704806516064,
  0.12931381472532866,
  0.12907017635527993,
  0.13194281184128787,
  0.13003449139271608,
  0.13776240368310444,
  0.13239412992631103,
  0.12873998642050796,
  0.13034090501594867,
  0.12739328473635136,
  0.1336960635077185,
  0.1305160364104449,
  0.12914006278050824,
  0.13199223865854773
 ],
 "val_auc": 0.6066673125222449,