{
 "train_auc": 0.5969738129009935,
 "train_losses": [
  0.6593168068501698,
  0.6279731232202087,
  0.5987390727976436,
  0.5718715189970083,
  0.5468966201514707,
  0.523775914028826,
  0.5024594595001671,
  0.48223923969802385,
  0.4638741563179841,
  0.44661963088093093,
  0.4306642393975236,
  0.41570011240288696,
  0.40160927494335924,
  0.3887559071251308,
  0.37651601520514644,
  0.3651291929736707,
  0.3544009090253466,
  0.3443383281643253,
  0.3348190670667934,
  0.3260929407369928,
  0.3177349202104347,
  0.30986370865907426,
  0.3022154984842274,
  0.29529203610471605,
  0.2888183834439389,
  0.28244587152664136,
  0.2766203694302694,
  0.27085054185860985,
  0.2656688549745638,
  0.2604684253978647,
  0.2555884349997087,
  0.2509832223677255,
  0.2466737339166661,
  0.24246539249949925,
  0.2385228148065272,
  0.2346830862803881,
  0.2310513507780813,
  0.2277191853007029,
  0.22436684429883505,
  0.22126552360281315,
  0.21809911366729762,
  0.21528264579251322,
  0.2124565469913931,
  0.20979218612793707,
  0.20719904014269994,
  0.20462571726765294,
  0.20240066978515595,
  0.2002516865427129,
  0.1980344910704602,
  0.195895012156366,
  0.19386554875038936,
  0.19191030268620274,
  0.19002118023470815,
  0.1882963507971327,
  0.18661285731708763,
  0.184923522375271,
  0.18327464734191362,
  0.18166021148126393,
  0.1801299169739253,
  0.17875060992770164,
  0.17747905329748906,
  0.1759800150991207,
  0.17469980242979713,
  0.1733871959502462,
  0.17221745047862208,
  0.17109166245288362,
  0.16976303748573024,
  0.1686173104294063,
  0.1675679561283123,
  0.16653341276949968,
  0.16546073041806678,
  0.16456923211170335,
  0.16367566543210885,
  0.16278483724738163,
  0.16179974819296125,
  0.16090618207125024,
  0.16010766378266503,
  0.15933031948239113,
  0.15858983636526627,
  0.15757683385244184,
  0.15673828662071557,
  0.15607976671224927,
  0.1554428386992993,
  0.15482325230065008,
  0.1540570408563286,
  0.1534960450911725,
  0.15284530861299656,
  0.15211226033546305,
  0.15158288554227195,
  0.15098091126200422,
  0.15036015506821868,
  0.14997296999899956,
  0.14952177422309323,
  0.14891087674236014,
  0.1482559260801272,
  0.14769883784400514,
  0.14751165095261815,
  0.14692087896492947,
  0.14653983202390555,
  0.14582587648422451,
  0.14542759681121287,
  0.14513514417277565,
  0.14467428363630574,
  0.14411377792880825,
  0.1436725085039351,
  0.14319293720022858,
  0.14296194333223075,
  0.14267771357207254,
  0.1424365356751083,
  0.14201237657948187,
  0.14177387229196048,
  0.14129858133962325,
  0.14098948731215508,
  0.1405778102055577,
  0.14043436965128134,
  0.14013638802788894,
  0.13972229318060295,
  0.13944253922206656,
  0.13912079070774402,
  0.1387578380976783,
  0.13846887925925613,
  0.13829924734790064,
  0.13799449820384752,
  0.13777072875889618,
  0.13758337156768857,
  0.13729151036543014,
  0.13693960394591323,
  0.1366800529194946,
  0.13661449253295593,
  0.13644400917662583,
  0.13618162391794503,
  0.1359083048172769,
  0.1358083771573205,
  0.1354943427493229,
  0.1352734796760962,
  0.13511822454876074,
  0.13476719487917369,
  0.13460649935254254,
  0.13452221024988736,
  0.13435000003253592,
  0.13415969360378313,
  0.13409572963313846,
  0.13388137946890427,
  0.13378983485139395,
  0.1335312159325716,
  0.13346334219087452,
  0.13308778954010847,
  0.1330474449052949,
  0.13283443258561256,
  0.13277690848069207,
  0.1326364431822935,
  0.1324296594515657,
  0.1322973018962676,
  0.13213148735663777,
  0.13208965946414822,
  0.1320114457899741,
  0.1318651761852362,
  0.131775063602681,
  0.13167318981838583,
  0.13145580179447505,
  0.1312867499884084,
  0.13127585685622017,
  0.1311583305375743,
  0.131091221283117,
  0.13093306359193166,
  0.13087752688780324,
  0.13084598927092914,
  0.1307886633175254,
  0.1306769046761129,
  0.13062120696501958,
  0.13038166208586247,
  0.13018236577932152,
  0.13014195380504512,
  0.1300773177989535,
  0.12998025300387345,
  0.13007227718959702,
  0.13007571608185028,
  0.12992887134481662,
  0.12994699988466676,
  0.129719048712844,
  0.12962829278276533,
  0.12965241282147416,
  0.12955683360648002,
  0.1295012420848303,
  0.12939059479928225,
  0.1291650932138999,
  0.12917634488465493,
  0.12918607228105097,
  0.12914683722527986,
  0.12895049404917125,
  0.12878838148354677,
  0.12888306872169747,
  0.12900591623162333,
  0.12885525455839122,
  0.12881985091507234,
  0.1286706878119757,
  0.12851510383083942,
  0.12850603667155866,
  0.1284593568748687,
  0.12839036927958852
 ],
 "val_auc": 0.6066673125222449,